{"orig_lb":[[0.15877494280765034]],"orig_ub":[[0.23314729268124126]],"flci_half":[0.042379166122888709],"flci_lb":[0.13141131596381356],"flci_ub":[0.216169648209591],"sens_sd_lb":[0.13141131596381356,0.1549652670807741,0.17730108790014376,0.18940446443439926],"sens_sd_ub":[0.216169648209591,0.2703845303265206,0.31595646819476952,0.34854775003919292],"sens_sd_M":[0,0.01,0.02,0.029999999999999999],"sens_rm_lb":[0.11812948578177346,0.06723125075039843,0.013294315120135292,-0.042161970809571847],"sens_rm_ub":[0.27158386602562062,0.31868372530838568,0.36958196033976071,0.3794577372861469],"sens_rm_Mbar":[0.5,1,1.5,2],"ub_m":[0.20216986929706898],"cs_sd_lb":{},"cs_sd_ub":{}}
