"year::2008:D","year::2009:D","year::2010:D","year::2011:D","year::2012:D","year::2014:D","year::2015:D"
7.4884836358978e-05,6.03987409564451e-05,4.44461981846127e-05,3.38576470608929e-05,4.32801125474368e-05,4.76588047877807e-05,2.42512869975422e-05
6.03987409564451e-05,7.2665006169971e-05,3.78933022128822e-05,2.86657802514857e-05,4.54332062840387e-05,4.42885011931818e-05,2.82465504298469e-05
4.44461981846127e-05,3.78933022128822e-05,5.05205194016301e-05,2.67367943248398e-05,2.77819356767415e-05,3.06064410890563e-05,9.63753388266954e-06
3.38576470608929e-05,2.86657802514857e-05,2.67367943248398e-05,4.00322202633785e-05,2.41285997571648e-05,2.38086820907369e-05,2.92387814336437e-06
4.32801125474368e-05,4.54332062840387e-05,2.77819356767415e-05,2.41285997571648e-05,5.46266220705437e-05,3.68253105174326e-05,9.72294750241885e-06
4.76588047877807e-05,4.42885011931818e-05,3.06064410890563e-05,2.38086820907369e-05,3.68253105174326e-05,8.3756688246776e-05,6.32139796253383e-05
2.42512869975422e-05,2.82465504298469e-05,9.63753388266954e-06,2.92387814336437e-06,9.72294750241885e-06,6.32139796253383e-05,0.000107123523030044
